video_id,video_name,video_created_date,video_likes,video_views,video_comment,video_duration,video_duration_seconds,video_created_day,channel_id,short
hu9e9J1khZA,Head to my IG @divide.music to enter my giveaway!ü§òüî• #asta #blackclover #anime,2023-09-12,346,5155,6,PT59S,59,Tuesday,UC3P-tn_Mk1V_KE8M2On8F2w,1
T_AH2u-MUB0,üî•ü§òFALL MERCH GIVEAWAY ü§òüî• Head to my IG @divide.music to find out how to win!,2023-09-08,226,2034,10,PT5S,5,Friday,UC3P-tn_Mk1V_KE8M2On8F2w,1
QC1fHr7arjk,Have you listened to my new song? Would love to hear your thoughts ü§ò #wizardking   #blackclover,2023-09-06,553,4790,58,PT18S,18,Wednesday,UC3P-tn_Mk1V_KE8M2On8F2w,1
E-hx9egmam0,"Asta Song | ""Never Giving Up"" | Divide Music Ft. Cam Steady [Black Clover: Sword of the Wizard King]",2023-09-01,9804,202821,579,PT3M24S,204,Friday,UC3P-tn_Mk1V_KE8M2On8F2w,0
z8JTtQWfK3o,9.1.23                                 #dividemusic #newmusic #anime,2023-08-28,646,6116,49,PT7S,7,Monday,UC3P-tn_Mk1V_KE8M2On8F2w,1
l3_-adOVg_o,Full video is live on my channel! #newmusic #trending #animeshorts #comics #dccomics,2023-08-22,543,5349,9,PT29S,29,Tuesday,UC3P-tn_Mk1V_KE8M2On8F2w,1
4aoqWIxGlxM,No better feeling üòÇü§ò#dividemusic #theoffice #nerdcore #anime,2023-08-20,1296,10790,48,PT11S,11,Sunday,UC3P-tn_Mk1V_KE8M2On8F2w,1
E-ZsndOCCwA,"Have you listened to my newest song ""Reclaim""?",2023-08-18,808,7485,67,PT31S,31,Friday,UC3P-tn_Mk1V_KE8M2On8F2w,1
iAaShjSn-Jg,"Batman Song | ""Reclaim"" | Divide Music [DC Comics]",2023-08-04,11937,386780,654,PT3M36S,216,Friday,UC3P-tn_Mk1V_KE8M2On8F2w,0
trBwS_5JSPw,"CELL SONG | ""Perfection"" | Divide Music Ft. FabvL [Dragon Ball Z]",2023-07-14,12712,478648,833,PT4M6S,246,Friday,UC3P-tn_Mk1V_KE8M2On8F2w,0
QdHBaXkqPg4,"ALL MIGHT SONG | ""One For All"" | Divide Music | [My Hero Academia] 2023",2023-06-23,17552,789892,901,PT3M33S,213,Friday,UC3P-tn_Mk1V_KE8M2On8F2w,0
KWdLqXnComI,"Thorfinn Song | ""Against My Tide"" | Divide Music Ft. Sinewave Fox [Vinland Saga]",2023-06-02,9426,389868,464,PT3M58S,238,Friday,UC3P-tn_Mk1V_KE8M2On8F2w,0
2d5jGRRTRdc,"Trevor Belmont Song | ""Never Forget The Name"" | Divide Music [Castlevania]",2023-05-12,14270,787721,801,PT6M7S,367,Friday,UC3P-tn_Mk1V_KE8M2On8F2w,0
tnWErAV1Mgs,"Vigilante Deku Song | ""Drag Me Under"" | Divide Music [My Hero Academia]",2023-04-21,30411,1881485,1054,PT4M24S,264,Friday,UC3P-tn_Mk1V_KE8M2On8F2w,0
E3nRYd2uw38,"Obito Song | ""All That's Left"" | Divide Music [Naruto]",2023-03-31,13974,709324,716,PT4M35S,275,Friday,UC3P-tn_Mk1V_KE8M2On8F2w,0
fmk5WyIG4o8,"KAKASHI SONG | ""Light Out"" | Divide Music [Naruto Shippuden]",2023-03-17,9417,306495,374,PT3M45S,225,Friday,UC3P-tn_Mk1V_KE8M2On8F2w,0
QZjLr46iMfw,"GOKU BLACK SONG | ""Divine Justice"" | Divide Music [Dragon Ball Super]",2023-02-24,15717,883730,750,PT3M58S,238,Friday,UC3P-tn_Mk1V_KE8M2On8F2w,0
_q0uX3Y5c3k,"NARUTO SONG | ""Fire Within"" | Divide Music [Naruto Shippuden]",2023-02-03,13663,655617,662,PT3M36S,216,Friday,UC3P-tn_Mk1V_KE8M2On8F2w,0
HZgXFRSzkf8,"FUTURE TRUNKS SONG | ""Beginning of the End"" | Divide Music [Dragon Ball Super]",2023-01-20,13985,822609,646,PT3M52S,232,Friday,UC3P-tn_Mk1V_KE8M2On8F2w,0
vzHOBVUeLHM,"God of War | ""Heart of Stone"" | Divide Music [Sindri Song]",2022-12-30,8318,196711,660,PT2M49S,169,Friday,UC3P-tn_Mk1V_KE8M2On8F2w,0
IYKEtaJaqaw,"Anime Anthem | ""To The End"" | Divide Music [Naruto, My Hero Academia, Demon Slayer and more]",2022-12-23,15178,650343,707,PT4M11S,251,Friday,UC3P-tn_Mk1V_KE8M2On8F2w,0
PC_1xU1HXuk,Divide Music - To The End | Esports Anthem [Snapdragon Pro Series],2022-12-11,8028,262591,478,PT3M48S,228,Sunday,UC3P-tn_Mk1V_KE8M2On8F2w,0
Y-KNSlTJaQA,"SHIGARAKI SONG | ""Mourn No More"" | Divide Music Ft. Sinewave Fox [My Hero Academia]",2022-11-18,12218,782609,594,PT3M21S,201,Friday,UC3P-tn_Mk1V_KE8M2On8F2w,0
Z6w_JxZSiMU,"BROLY SONG | ""The One Who Knocks"" | Divide Music [Dragon Ball Super]",2022-10-28,21007,1637058,1102,PT3M44S,224,Friday,UC3P-tn_Mk1V_KE8M2On8F2w,0
5865QRMcrow,"CYBERPUNK EDGERUNNERS SONG | ""Never Enough"" | Divide Music",2022-09-30,24331,1336061,884,PT3M51S,231,Friday,UC3P-tn_Mk1V_KE8M2On8F2w,0
MRHykxpMwIg,"LUFFY SONG | ""The Grand Line"" | Divide Music [One Piece]",2022-09-16,16004,812340,1058,PT3M46S,226,Friday,UC3P-tn_Mk1V_KE8M2On8F2w,0
GTD83K-PKRc,Divide Music - you. (feat. Golden Emp),2022-09-02,9278,225140,462,PT3M39S,219,Friday,UC3P-tn_Mk1V_KE8M2On8F2w,0
zV9FRcSlWKw,"MINATO SONG | ""Flash"" | Divide Music [Naruto]",2022-08-12,15805,960963,770,PT4M5S,245,Friday,UC3P-tn_Mk1V_KE8M2On8F2w,0
aKYPpT4ZPeA,"LELOUCH SONG | ""The Crown"" | Divide Music [Code Geass]",2022-07-22,12908,653018,563,PT3M33S,213,Friday,UC3P-tn_Mk1V_KE8M2On8F2w,0
3uMku45tcXo,"TEEN GOHAN SONG | ""Never Alone"" | Divide Music [Dragon Ball]",2022-07-01,24786,1903869,1104,PT3M37S,217,Friday,UC3P-tn_Mk1V_KE8M2On8F2w,0
ud9-CeqebJc,"MADARA SONG | ""WAR"" | Divide Music Ft. Sinewave Fox [Naruto]",2022-06-10,22939,1490279,907,PT3M29S,209,Friday,UC3P-tn_Mk1V_KE8M2On8F2w,0
x5m3l16cjGo,"ASTA SONG | ""The Other Side"" | Divide Music [Black Clover]",2022-05-20,17900,1059985,788,PT3M33S,213,Friday,UC3P-tn_Mk1V_KE8M2On8F2w,0
ltFyiPtthro,"RED HOOD SONG | ""D.I.T.F"" | Divide Music [DC Comics]",2022-04-15,17332,861887,655,PT3M28S,208,Friday,UC3P-tn_Mk1V_KE8M2On8F2w,0
8E2XPWOH08g,"GOKU SONG | ""POWER"" | Divide Music [Dragon Ball Super]",2022-03-18,37539,3232838,1505,PT3M54S,234,Friday,UC3P-tn_Mk1V_KE8M2On8F2w,0
U6W_AGPUdb8,"A SILENT VOICE SONG | ""you."" | Divide Music Ft. @GoldenEMP  [A Silent Voice]",2022-03-04,12128,356740,709,PT3M44S,224,Friday,UC3P-tn_Mk1V_KE8M2On8F2w,0
pJrVgIAf20U,"GUTS SONG | ""Pressure"" | Divide Music [Berserk]",2022-02-04,28696,1714642,1027,PT3M35S,215,Friday,UC3P-tn_Mk1V_KE8M2On8F2w,0
9Ajo2fLLF1c,"AIZEN SONG | ""Darkest Hour"" | Divide Music Ft DizzyEight [Bleach]",2022-01-21,13770,773416,577,PT3M30S,210,Friday,UC3P-tn_Mk1V_KE8M2On8F2w,0
zDe6BMpl4Ak,"JINX SONG | ""DOMINO"" | Divide Music [ARCANE]",2022-01-07,20508,1096087,890,PT3M8S,188,Friday,UC3P-tn_Mk1V_KE8M2On8F2w,0
XKhgLwQnzlY,"Divide Music - ""Heart of The Night"" (The Witcher Season 2 Song)",2021-12-17,12553,789969,501,PT5M43S,343,Friday,UC3P-tn_Mk1V_KE8M2On8F2w,0
9H8s8YKEYnM,"Divide Music - ""No Way Home"" (Spider-Man: No Way Home Song)",2021-12-03,21965,1392415,1103,PT4M7S,247,Friday,UC3P-tn_Mk1V_KE8M2On8F2w,0
QNpRh_0Zt-A,"KILLUA SONG | ""OUTCAST"" | Divide Music Ft. Laur Lindmae [Hunter x Hunter]",2021-11-19,13500,751246,574,PT4M18S,258,Friday,UC3P-tn_Mk1V_KE8M2On8F2w,0
Yr9qCOQijms,Divide Music - always hated goodbyes,2021-11-05,15174,670729,1182,PT3M53S,233,Friday,UC3P-tn_Mk1V_KE8M2On8F2w,0
Q6zW4Car3aQ,"OROCHIMARU SONG | ""The Poison"" | Divide Music [Naruto]",2021-10-22,15168,1031178,812,PT4M23S,263,Friday,UC3P-tn_Mk1V_KE8M2On8F2w,0
joCfEiZZp9k,"FRIEZA SONG | ""Bow Down"" | Divide Music Ft. FabvL [Dragon Ball Super]",2021-10-08,30269,2801510,1448,PT4M39S,279,Friday,UC3P-tn_Mk1V_KE8M2On8F2w,0
bmd9M9LaaQA,"TOPH SONG | ""Move Mountains"" | Divide Music [Avatar]",2021-09-10,22265,1199562,1119,PT3M35S,215,Friday,UC3P-tn_Mk1V_KE8M2On8F2w,0
N3ExpzDitTQ,"NEZUKO SONG | ""Taking Over"" | Divide Music [Demon Slayer]",2021-08-27,14532,662809,712,PT3M37S,217,Friday,UC3P-tn_Mk1V_KE8M2On8F2w,0
WwdgZoIsil8,"GOJO SONG | ""Domain"" | Divide Music [Jujutsu Kaisen]",2021-08-13,21431,1765803,802,PT4M3S,243,Friday,UC3P-tn_Mk1V_KE8M2On8F2w,0
urkjKjHrwRs,"JIRAIYA SONG | ""Stand Tall"" | Divide Music [Naruto]",2021-07-30,30356,2241615,1535,PT3M32S,212,Friday,UC3P-tn_Mk1V_KE8M2On8F2w,0
GTEcH68MWzE,"TODOROKI SONG | ""Demons"" | Divide Music [My Hero Academia]",2021-07-16,17943,1036082,755,PT3M54S,234,Friday,UC3P-tn_Mk1V_KE8M2On8F2w,0
a7YREkmmhO8,"RENGOKU SONG | ""Set It On Fire"" | Divide Music [Demon Slayer]",2021-07-09,18477,1464548,598,PT3M54S,234,Friday,UC3P-tn_Mk1V_KE8M2On8F2w,0
QDE8IdJjOn4,"RE:ZERO SONG | ""Turn The Page"" | Divide Music [Re:Zero]",2021-07-02,16033,1112764,828,PT4M1S,241,Friday,UC3P-tn_Mk1V_KE8M2On8F2w,0
vsI2248ULi0,"SHIKAMARU SONG | ""By My Side"" | Divide Music Ft. McGwire [Naruto]",2021-06-18,17076,1038632,742,PT3M52S,232,Friday,UC3P-tn_Mk1V_KE8M2On8F2w,0
K-rUE_MhzMY,"OBITO SONG | ""Numb"" | Linkin Park Cover by Divide Music [Naruto]",2021-06-04,14105,557118,959,PT3M9S,189,Friday,UC3P-tn_Mk1V_KE8M2On8F2w,0
eb7ZrGIgK6U,"INVINCIBLE SONG | ""Born For This"" | Divide Music [Invincible]",2021-05-21,21758,1644153,884,PT3M32S,212,Friday,UC3P-tn_Mk1V_KE8M2On8F2w,0
30yyStjMeWA,"JUJUTSU KAISEN - ""VIVID VICE"" (Opening) | ENGLISH Cover | Divide Music",2021-05-07,8462,287271,391,PT3M5S,185,Friday,UC3P-tn_Mk1V_KE8M2On8F2w,0
RaYhi5QRlBU,"ALUCARD SONG | ""Confess"" | Divide Music [Hellsing Ultimate]",2021-04-30,22851,1585677,1051,PT3M32S,212,Friday,UC3P-tn_Mk1V_KE8M2On8F2w,0
RBBhB9ELzYA,"GUITAR PLAYTHROUGH ""All It Takes"" | Divide Music | [One Punch Man]",2021-04-23,1285,20474,70,PT3M3S,183,Friday,UC3P-tn_Mk1V_KE8M2On8F2w,0
BnLQ6TNTDEw,"SAITAMA SONG | ""All It Takes"" | Divide Music [One Punch Man]",2021-04-16,15384,862668,781,PT3M27S,207,Friday,UC3P-tn_Mk1V_KE8M2On8F2w,0
IEH0GhVK9k0,"GUITAR PLAYTHROUGH ""Relentless"" | Divide Music | [Ichigo Bleach]",2021-04-09,1536,23502,145,PT3M34S,214,Friday,UC3P-tn_Mk1V_KE8M2On8F2w,0
jkbeDofx2X8,"ICHIGO SONG | ""Relentless"" | Divide Music [Bleach]",2021-04-02,16293,975502,725,PT3M58S,238,Friday,UC3P-tn_Mk1V_KE8M2On8F2w,0
plxc3p0G674,"GUITAR PLAYTHROUGH ""Break Me Down"" | Divide Music | [Jujutsu Kaisen]",2021-03-26,2818,31632,287,PT5M41S,341,Friday,UC3P-tn_Mk1V_KE8M2On8F2w,0
-gfQd91g5WU,"YUJI ITADORI SONG | ""Break Me Down"" | Divide Music [Jujutsu Kaisen]",2021-03-19,23319,2044673,738,PT4M39S,279,Friday,UC3P-tn_Mk1V_KE8M2On8F2w,0
LwXEy2HQfe4,"PROMISED NEVERLAND SONG | ""So Afraid"" | Divide Music [The Promised Neverland]",2021-03-05,11367,486071,712,PT4M38S,278,Friday,UC3P-tn_Mk1V_KE8M2On8F2w,0
7-JvIcAkylI,"ZUKO SONG | ""No Way Out"" | Divide Music Ft. ChewieCatt [Avatar]",2021-02-26,23555,2034107,691,PT4M,240,Friday,UC3P-tn_Mk1V_KE8M2On8F2w,0
kWvONIxWa5k,"SASUKE SONG | ""Beyond Human"" | Divide Music Ft. Sinewave Fox [Naruto]",2021-02-19,18668,1219183,972,PT4M16S,256,Friday,UC3P-tn_Mk1V_KE8M2On8F2w,0
uXRocrYXtJw,"DABI SONG | ""Filthy Stains"" | Divide Music [My Hero Academia]",2021-02-05,23342,1665567,1302,PT4M27S,267,Friday,UC3P-tn_Mk1V_KE8M2On8F2w,0
zwAAXH_3FcI,"ZENITSU SONG | ""Awoken"" CINEMATIC | Divide Music [Demon Slayer]",2020-12-25,18006,901550,888,PT3M49S,229,Friday,UC3P-tn_Mk1V_KE8M2On8F2w,0
-3pludiLxC4,"VEGETA SONG | ""Say My Name"" | Divide Music [Dragon Ball Super]",2020-12-18,78925,7789712,3308,PT4M11S,251,Friday,UC3P-tn_Mk1V_KE8M2On8F2w,0
eP7AERtfy1E,"PAIN SONG -""Understand Pain"" | Divide Music | [NARUTO]",2020-12-04,17597,981771,1123,PT3M14S,194,Friday,UC3P-tn_Mk1V_KE8M2On8F2w,0
in_lFiB04wg,"MOB PSYCHO SONG -""Psycho"" | Divide Music [Mob Psycho 100]",2020-11-27,14711,766639,787,PT3M46S,226,Friday,UC3P-tn_Mk1V_KE8M2On8F2w,0
bIshXaD-VAI,"BAN SONG -""Fox Sin"" | Divide Music Ft. Zach Boucher [Seven Deadly Sins]",2020-11-13,25720,2169932,1077,PT4M8S,248,Friday,UC3P-tn_Mk1V_KE8M2On8F2w,0
wIzmHJvzxlA,BABY YODA SONG | ChewieCatt Cover | Divide Music [The Mandalorian],2020-10-30,7223,221180,489,PT3M57S,237,Friday,UC3P-tn_Mk1V_KE8M2On8F2w,0
24zpLded27Y,"UNCLE IROH SONG | ""Find Your Way"" | Divide Music [Avatar]",2020-10-23,34616,1614945,1718,PT4M21S,261,Friday,UC3P-tn_Mk1V_KE8M2On8F2w,0
eSThYqYgVkM,"NARUTO SONG -""State Of Mind"" | Divide Music | [ROCK LEE]",2020-10-09,31263,2584853,1175,PT3M52S,232,Friday,UC3P-tn_Mk1V_KE8M2On8F2w,0
ngZkeRd-Ako,"SWORD ART ONLINE SONG -""Reality"" | Divide Music feat. AmaLee [SAO]",2020-09-25,46701,3351559,2194,PT4M39S,279,Friday,UC3P-tn_Mk1V_KE8M2On8F2w,0
8y6qzrlLzoM,"OVERHAUL SONG -""Into The Dark"" | Divide Music [My Hero Academia]",2020-09-11,30326,2879494,1325,PT4M27S,267,Friday,UC3P-tn_Mk1V_KE8M2On8F2w,0
SO8JPKWssfg,"ZUKO SONG | ""No Way Out"" | Divide Music Ft. ChewieCatt [Avatar]",2020-08-28,27721,1529342,1277,PT4M17S,257,Friday,UC3P-tn_Mk1V_KE8M2On8F2w,0
xfZm8uIiOM0,"BEERUS SONG | ""God"" | Divide Music Ft. FabvL [Dragon Ball Super]",2020-08-14,58069,6116827,2121,PT4M36S,276,Friday,UC3P-tn_Mk1V_KE8M2On8F2w,0
pi4tNkGhiS0,"INOSUKE SONG | ""Rip You Apart"" | Divide Music | [Demon Slayer]",2020-08-07,23849,1874833,895,PT3M37S,217,Friday,UC3P-tn_Mk1V_KE8M2On8F2w,0
EK9F7vgQOIA,"MIRIO TOGATA SONG -""Million"" | Divide Music [My Hero Academia]",2020-07-31,26934,2650365,1230,PT4M,240,Friday,UC3P-tn_Mk1V_KE8M2On8F2w,0
gyA0FT19dEI,"FIRE FORCE SONG -""Where I Belong"" | Divide Music [Fire Force]",2020-07-24,13289,831707,573,PT3M51S,231,Friday,UC3P-tn_Mk1V_KE8M2On8F2w,0
oaTS8YAsFWw,"HINATA SONG -""Flight"" | Divide Music [Haikyuu!!]",2020-07-17,7346,317039,477,PT3M50S,230,Friday,UC3P-tn_Mk1V_KE8M2On8F2w,0
j6P_LaCvpLE,"GAARA SONG -""Monster"" | Divide Music Ft. Daddyphatsnaps [NARUTO]",2020-07-10,21719,1534192,812,PT4M40S,280,Friday,UC3P-tn_Mk1V_KE8M2On8F2w,0
VCmRRaPmk_A,"GOWTHER SONG -""Goat Sin"" | Divide Music [Seven Deadly Sins]",2020-06-26,10542,691928,724,PT4M,240,Friday,UC3P-tn_Mk1V_KE8M2On8F2w,0
9APbvbFMMe4,"SHOTO TODOROKI SONG -""Scars"" | Divide Music [My Hero Academia]",2020-06-19,17357,787219,792,PT3M,180,Friday,UC3P-tn_Mk1V_KE8M2On8F2w,0
Mx5eTOQqgnQ,"ICHIGO SONG -""Hollow"" | Divide Music [BLEACH]",2020-06-12,16971,1096604,610,PT3M28S,208,Friday,UC3P-tn_Mk1V_KE8M2On8F2w,0
hMPK8w0hAvY,"ITACHI UCHIHA SONG -""Broken Statues"" | Divide Music [NARUTO]",2020-05-29,16737,1121396,623,PT3M59S,239,Friday,UC3P-tn_Mk1V_KE8M2On8F2w,0
mLwh2pDyVwc,"GON SONG | ""See Me Now"" | Divide Music | [Hunter x Hunter]",2020-05-15,8747,473679,553,PT3M40S,220,Friday,UC3P-tn_Mk1V_KE8M2On8F2w,0
5BaXcV5IgAo,"BROLY SONG | ""Returned"" | Divide Music | [Dragon Ball Super]",2020-05-08,33940,3048880,1032,PT4M12S,252,Friday,UC3P-tn_Mk1V_KE8M2On8F2w,0
4-rLJ5DkECA,"ZENITSU SONG | ""Awoken"" | Divide Music | [Demon Slayer]",2020-05-01,47863,3943778,1076,PT4M,240,Friday,UC3P-tn_Mk1V_KE8M2On8F2w,0
oB14irH1rxA,"LEAGUE OF VILLAINS SONG | ""Burn It Down"" | Divide Music & FabvL | [My Hero Academia]",2020-04-24,8928,449854,314,PT3M54S,234,Friday,UC3P-tn_Mk1V_KE8M2On8F2w,0
AySbzBfsT6k,"ENDEAVOR SONG | ""Next In Line"" | Divide Music | [My Hero Academia]",2020-04-17,17491,1253689,607,PT3M50S,230,Friday,UC3P-tn_Mk1V_KE8M2On8F2w,0
X4fIqbUjEEI,"NARUTO SONG -""Believe It"" | Divide Music Ft. Zach Boucher [NARUTO]",2020-04-10,114443,7991573,2776,PT4M29S,269,Friday,UC3P-tn_Mk1V_KE8M2On8F2w,0
0iqH3R0n1og,"Demon Slayer OP - ""Gurenge"" [FULL English Dub Metal Cover] By Divide Music",2020-04-03,12435,676329,445,PT4M10S,250,Friday,UC3P-tn_Mk1V_KE8M2On8F2w,0
98JL3hrZ6FA,"KIRISHIMA SONG | ""Break My Body"" | Divide Music | [My Hero Academia]",2020-03-27,40656,3833765,1325,PT4M12S,252,Friday,UC3P-tn_Mk1V_KE8M2On8F2w,0
ttVoVr2F75k,"DEATH NOTE SONG | ""Light"" | Divide Music [Death Note]",2020-03-20,10435,652384,468,PT4M7S,247,Friday,UC3P-tn_Mk1V_KE8M2On8F2w,0
wFi0FFhsYDM,"KING SONG | ""Sloth Sin"" | Divide Music [Seven Deadly Sins]",2020-03-13,15243,1635896,458,PT3M46S,226,Friday,UC3P-tn_Mk1V_KE8M2On8F2w,0
sXtrbEIkOBo,"HINATA & NEJI HYUGA SONG -""Just Begun"" | Divide Music FT. FabvL & Sailorurlove [NARUTO]",2020-03-06,12040,912980,315,PT3M16S,196,Friday,UC3P-tn_Mk1V_KE8M2On8F2w,0
DlABCpimDXY,"TOKYO GHOUL SONG | ""Voice Inside"" | Divide Music",2020-02-28,3809,166245,139,PT3M24S,204,Friday,UC3P-tn_Mk1V_KE8M2On8F2w,0
HGjm0HskzFg,"SHIGARAKI SONG | ""All For One"" | Divide Music | [My Hero Academia]",2020-02-21,9854,676196,384,PT3M1S,181,Friday,UC3P-tn_Mk1V_KE8M2On8F2w,0
sPra_XU4D0s,"ONE PIECE SONG | ""The Straw Hats"" | Divide Music",2020-02-14,13571,1413535,424,PT6M23S,383,Friday,UC3P-tn_Mk1V_KE8M2On8F2w,0
0Uuu4sG3SGw,"DEKU SONG | ""Pride"" | Divide Music | [My Hero Academia]",2020-02-07,43497,4419327,1022,PT3M42S,222,Friday,UC3P-tn_Mk1V_KE8M2On8F2w,0
aFBeoamRsgk,"KAKASHI SONG -""Hear Me"" | Divide Music [NARUTO]",2020-01-31,21471,1607810,464,PT3M15S,195,Friday,UC3P-tn_Mk1V_KE8M2On8F2w,0
QJEPRERxZFs,"RISING OF THE SHIELD HERO SONG -""Hide"" | Divide Music",2020-01-24,9515,689916,334,PT3M42S,222,Friday,UC3P-tn_Mk1V_KE8M2On8F2w,0
8XkW8K4BLbo,"YUNO SONG -""Let It Go"" | Divide Music Ft. Dreaded Yasuke | [BLACK CLOVER]",2020-01-10,7270,670633,241,PT3M28S,208,Friday,UC3P-tn_Mk1V_KE8M2On8F2w,0
k-i1lnMah7Q,"SASUKE UCHIHA SONG -""Cold"" | Divide Music Ft. FabvL | [NARUTO]",2019-12-20,27214,2334533,760,PT3M39S,219,Friday,UC3P-tn_Mk1V_KE8M2On8F2w,0
8IHIKPHngcE,"ONE PUNCH MAN METAL SONG -""Color To Canvas"" | Divide Music (UNOFFICIAL OPENING)",2019-12-06,3124,133138,168,PT2M33S,153,Friday,UC3P-tn_Mk1V_KE8M2On8F2w,0
FJPc86b5S2c,"DIANE SONG -""Serpent Sin"" | Divide Music | [Seven Deadly Sins]",2019-11-29,8750,811720,266,PT3M24S,204,Friday,UC3P-tn_Mk1V_KE8M2On8F2w,0
dSKnMckPFU4,"BAKUGO SONG | ""Bleed"" | Divide Music | [My Hero Academia]",2019-11-22,19530,1768877,519,PT3M43S,223,Friday,UC3P-tn_Mk1V_KE8M2On8F2w,0
XNXpWk2o-Kg,"EREN YEAGER METAL SONG | ‚ÄúBeyond The Walls"" | Divide Music [Attack On Titan]",2019-11-08,4458,258288,179,PT3M37S,217,Friday,UC3P-tn_Mk1V_KE8M2On8F2w,0
u-Ym4pzESj4,"BLUE EXORCIST SONG | ‚ÄúBelieve"" | Divide Music Ft. FabvL",2019-10-25,7538,564430,225,PT3M20S,200,Friday,UC3P-tn_Mk1V_KE8M2On8F2w,0
s2KWRC342Wc,"ALL MIGHT METAL SONG | ""One For All"" | Divide Music | [My Hero Academia]",2019-10-11,70879,8145979,1647,PT3M30S,210,Friday,UC3P-tn_Mk1V_KE8M2On8F2w,0
dK0OxWzkdBg,"ESCANOR METAL SONG | ""Lion Sin"" | Divide Music Ft. NLJ [Seven Deadly Sins]",2019-09-27,37505,5088121,1113,PT3M12S,192,Friday,UC3P-tn_Mk1V_KE8M2On8F2w,0
1H-I-V0xQ9w,"NATSU METAL SONG | ""Burn"" | Divide Music Ft. RUSTAGE [Fairy Tail]",2019-09-14,11133,767039,271,PT3M20S,200,Saturday,UC3P-tn_Mk1V_KE8M2On8F2w,0
Z5mlWLVrvBQ,"TANJIRO METAL SONG -""The Night"" | By Divide Music [Demon Slayer]",2019-08-31,31313,3115169,572,PT4M6S,246,Saturday,UC3P-tn_Mk1V_KE8M2On8F2w,0
uLqbBj3_i2M,"MELIODAS METAL SONG | ""Dragon Sin"" | By Divide Music [Seven Deadly Sins]",2019-08-25,25680,2763936,631,PT4M9S,249,Sunday,UC3P-tn_Mk1V_KE8M2On8F2w,0
2LdZl6E6Wp4,"Seven Deadly Sins Ban Song -""Anyway"" | By Divide Music",2019-08-17,11217,835472,361,PT3M48S,228,Saturday,UC3P-tn_Mk1V_KE8M2On8F2w,0
c4qFe15eG6Q,"ASTA SONG | ""Clover"" | By Divide Music [Black Clover]",2019-08-02,24029,1443559,541,PT3M28S,208,Friday,UC3P-tn_Mk1V_KE8M2On8F2w,0
j8ytq81Ezuc,"My Hero Academia Song -""Hero"" | By Divide Music",2019-07-20,5205,246159,139,PT3M27S,207,Saturday,UC3P-tn_Mk1V_KE8M2On8F2w,0
tDEEBsacJE8,Divide Music - Two Faces (Official Lyric Video),2019-07-06,1721,73038,138,PT2M45S,165,Saturday,UC3P-tn_Mk1V_KE8M2On8F2w,0
VgCmHKNlFzc,"Spider-Man: Far From Home Song -""3000"" | By Divide Music",2019-06-21,16219,523474,643,PT3M47S,227,Friday,UC3P-tn_Mk1V_KE8M2On8F2w,0
ESwQzKHO4xQ,"Fullmetal Alchemist Metal Song - ""Power Divine"" | By Divide Music",2019-06-08,7170,578424,185,PT4M22S,262,Saturday,UC3P-tn_Mk1V_KE8M2On8F2w,0
BzpGmZum_Nw,"Warframe Fortuna Song - ""Fortuna"" | By Divide Music",2019-05-11,10036,563848,537,PT4M10S,250,Saturday,UC3P-tn_Mk1V_KE8M2On8F2w,0
RNYzwO8mTpA,"Avengers: Endgame Song - ""Endgame"" | By Divide Music & FabvL",2019-04-27,9099,476589,289,PT4M32S,272,Saturday,UC3P-tn_Mk1V_KE8M2On8F2w,0
CwT43LFYsZo,"Subnautica Song - ""Sound of Silence"" | By Divide Music",2019-04-14,2609,142479,149,PT3M25S,205,Sunday,UC3P-tn_Mk1V_KE8M2On8F2w,0
zh60s49CB_w,"Devil May Cry 5 Song - ""Wither"" | By Divide Music",2019-03-08,4341,271815,155,PT3M57S,237,Friday,UC3P-tn_Mk1V_KE8M2On8F2w,0
GDdVqVXpZ1g,"Bioshock Song - ""Would You Kindly"" | By Divide Music & JT Music",2019-02-17,1786,93065,91,PT5M22S,322,Sunday,UC3P-tn_Mk1V_KE8M2On8F2w,0
29f1-uVjQpo,"Resident Evil 2 Song - ""The City"" | By Divide Music",2019-02-02,1474,67133,87,PT3M2S,182,Saturday,UC3P-tn_Mk1V_KE8M2On8F2w,0
j9OThSOWnC4,"Kingdom Hearts 3 Piano Song - ""See Me Through"" | By Divide Music Ft Sailorurlove",2019-01-12,3320,169460,121,PT3M16S,196,Saturday,UC3P-tn_Mk1V_KE8M2On8F2w,0
x7x8Of3zEpg,"Kingdom Hearts 3 Song - ""See Me Through"" | By Divide Music Ft Sailorurlove",2019-01-04,18205,1146334,534,PT3M54S,234,Friday,UC3P-tn_Mk1V_KE8M2On8F2w,0
Tmc9OjfgI58,Divide - Brighter (Official Music Video),2018-12-07,1351,31707,152,PT3M32S,212,Friday,UC3P-tn_Mk1V_KE8M2On8F2w,0
RXGkYkOzZ38,"Fallout 76 Song - ""My Own Hands"" | By Divide Music Ft. JT Music",2018-11-09,1907,91142,162,PT5M47S,347,Friday,UC3P-tn_Mk1V_KE8M2On8F2w,0
TzEGLSdS6UA,"Red Dead Redemption 2 Song - ""Kickin' Up Dust"" | By Divide Music",2018-10-26,1872,85762,99,PT4M46S,286,Friday,UC3P-tn_Mk1V_KE8M2On8F2w,0
4dGguERbG3o,"Halloween Movie Song - ""Locked Up"" | (Unofficial Soundtrack) By Divide Music",2018-10-19,951,42977,64,PT4M16S,256,Friday,UC3P-tn_Mk1V_KE8M2On8F2w,0
_DE_HFdWPXI,"Black Ops 4 Rock Song - ""Closure"" | By Divide Music",2018-10-12,520,17409,44,PT4M6S,246,Friday,UC3P-tn_Mk1V_KE8M2On8F2w,0
PO9p1ZRGizM,"Venom Movie Song - ""Holding On"" | (Unofficial Soundtrack) By Divide Music & FabvL",2018-10-06,3649,221837,113,PT4M21S,261,Saturday,UC3P-tn_Mk1V_KE8M2On8F2w,0
R0ngAX9LBTk,"Dark Souls Song - ""Final Hour"" | by Divide Music",2018-09-29,1341,39341,55,PT3M40S,220,Saturday,UC3P-tn_Mk1V_KE8M2On8F2w,0
HweEbSxbjlI,"Spider-Man ROCK Song - ""True Hero"" | by Divide Music",2018-09-21,2505,97904,88,PT3M56S,236,Friday,UC3P-tn_Mk1V_KE8M2On8F2w,0
48ClbfioJdQ,"DESTINY 2 FORSAKEN DLC SONG - ""Cayde"" | by Divide Music",2018-08-31,12911,724050,1145,PT4M39S,279,Friday,UC3P-tn_Mk1V_KE8M2On8F2w,0
1QRxrRAD6eI,"SKYRIM SONG - ""Alduin"" | by Divide Music",2018-08-25,5430,284514,276,PT4M28S,268,Saturday,UC3P-tn_Mk1V_KE8M2On8F2w,0
l0GZvYEIEI4,"WE HAPPY FEW SONG - ""Raise A Glass"" | by Divide Music",2018-08-18,1489,69928,109,PT4M49S,289,Saturday,UC3P-tn_Mk1V_KE8M2On8F2w,0
3utwWbbnQ6Q,"WARFRAME SONG ‚ñ∫ ""Scream Out"" Acoustic | by Divide Music",2018-08-04,3407,182782,164,PT5M13S,313,Saturday,UC3P-tn_Mk1V_KE8M2On8F2w,0
_gcZZp-_dNA,Divide Music - True Colors (Official Lyric Video),2018-07-28,2345,121333,129,PT4M4S,244,Saturday,UC3P-tn_Mk1V_KE8M2On8F2w,0
ILw7Qd3ADnI,VENOM RAP BATTLE ‚ñ∫ Fabvl & Divide Music,2018-07-21,961,33463,43,PT6M35S,395,Saturday,UC3P-tn_Mk1V_KE8M2On8F2w,0
LgFkMDx0-KY,"ANT-MAN AND THE WASP SONG ‚ñ∫ ""Try Me"" | by Divide Music",2018-07-06,501,17882,42,PT3M47S,227,Friday,UC3P-tn_Mk1V_KE8M2On8F2w,0
8pjNb8LAgKA,"BLACK OPS 4 SONG ‚ñ∫ ""Sights Locked"" | by Divide Music & FabvL",2018-06-30,887,31926,59,PT4M22S,262,Saturday,UC3P-tn_Mk1V_KE8M2On8F2w,0
jgVRRnyh8pY,"JURASSIC WORLD 2 SONG ‚ñ∫ ""Out Alive"" | by Divide Music",2018-06-22,861,31611,64,PT4M9S,249,Friday,UC3P-tn_Mk1V_KE8M2On8F2w,0
dYWMLDWQZDA,"[SFM] FNAF 6 SONG ‚ñ∫ ""Alone"" | by Divide Music",2018-06-11,1452,45774,76,PT4M7S,247,Monday,UC3P-tn_Mk1V_KE8M2On8F2w,0
VZIvm_WwixI,"VAMPYR GAME SONG ‚ñ∫ ""Beast Inside‚Äù | by Divide Music",2018-06-09,2340,122985,89,PT3M56S,236,Saturday,UC3P-tn_Mk1V_KE8M2On8F2w,0
UyQ4wFl-v6A,"VENOM SONG ‚ñ∫ ""Fate Has Come (Parasite)"" | by Divide Music",2018-05-25,3636,241636,116,PT4M1S,241,Friday,UC3P-tn_Mk1V_KE8M2On8F2w,0
e0soosScWY8,"DETROIT: BECOME HUMAN SONG ‚ñ∫ ""Minus Human"" | by Divide Music",2018-05-19,1639,56284,105,PT3M47S,227,Saturday,UC3P-tn_Mk1V_KE8M2On8F2w,0
fdxNAh6ZB50,THE FORTNITE BOOGIE Ft. Thanos (Battle Royale) Song ‚ñ∫ by Divide Music,2018-05-12,689,36903,51,PT4M,240,Saturday,UC3P-tn_Mk1V_KE8M2On8F2w,0
jeeK7DIReQQ,"WARFRAME SONG ‚ñ∫ ""Scream Out"" | by Divide Music",2018-05-05,17242,1031613,486,PT5M7S,307,Saturday,UC3P-tn_Mk1V_KE8M2On8F2w,0
jDuSeej3DRE,Divide Music - Old Habits (Official Lyric Video),2018-04-21,1579,67960,142,PT3M41S,221,Saturday,UC3P-tn_Mk1V_KE8M2On8F2w,0
XprZsmHzcII,"FAR CRY 5 SONG ‚ñ∫ ""THE BLIND"" | by Divide Music",2018-04-07,1272,69357,89,PT4M15S,255,Saturday,UC3P-tn_Mk1V_KE8M2On8F2w,0
zsYyyZo4RNc,"READY PLAYER ONE SONG ‚ñ∫ ""VICTORIOUS"" Ft. Nerdout!, JT Music, FabvL | by Divide Music",2018-03-30,3900,204384,206,PT5M22S,322,Friday,UC3P-tn_Mk1V_KE8M2On8F2w,0
FXx9YHPc05Y,"SUBNAUTICA SONG ‚ñ∫ ""SURVIVE"" | by Divide Music",2018-03-17,10021,563113,420,PT3M43S,223,Saturday,UC3P-tn_Mk1V_KE8M2On8F2w,0
ms6DIAJCLP4,"FORTNITE SONG ‚ñ∫ ""VICTORY"" | by Divide Music",2018-02-28,1224,74789,146,PT4M13S,253,Wednesday,UC3P-tn_Mk1V_KE8M2On8F2w,0
dnyMUJAfZi8,"MONSTER HUNTER WORLD SONG ‚ñ∫ ""Warrior"" | by Divide Music",2018-02-17,2419,144598,79,PT4M41S,281,Saturday,UC3P-tn_Mk1V_KE8M2On8F2w,0
S2jcFS1_hgE,Divide Music - Ghost (Official Lyric Video),2018-02-05,2705,135585,176,PT3M18S,198,Monday,UC3P-tn_Mk1V_KE8M2On8F2w,0
c8Nj8LFaCXk,"DOKI DOKI LITERATURE CLUB DUBSTEP SONG ‚ñ∫ ""I DO"" | by Divide Music ft. Sailorurlove",2018-01-22,2554,105913,138,PT3M,180,Monday,UC3P-tn_Mk1V_KE8M2On8F2w,0
Uo2BGYK-mg8,"WOLFENSTEIN 2 METAL SONG ‚ñ∫ ""Rain Of Fire"" | by Divide Music",2018-01-15,577,23964,40,PT4M3S,243,Monday,UC3P-tn_Mk1V_KE8M2On8F2w,0
_K6vvg9OudU,CUPHEAD SONG ‚ñ∫ by Divide Music,2018-01-07,1418,62701,79,PT2M47S,167,Sunday,UC3P-tn_Mk1V_KE8M2On8F2w,0
hvI3ZNlATfM,"OVERWATCH JUNKRAT SONG ‚ñ∫ ""Traps"" | by Divide Music",2017-12-23,514,15126,43,PT4M8S,248,Saturday,UC3P-tn_Mk1V_KE8M2On8F2w,0
c_IfnsJf61E,"FNAF 6 Song ‚ñ∫ ""Alone"" | by Divide Music",2017-12-16,5349,268777,306,PT3M45S,225,Saturday,UC3P-tn_Mk1V_KE8M2On8F2w,0
9y4LkNE2WWE,KYLO VS LUKE RAP BATTLE ‚ñ∫ BY Divide Music & FabvL,2017-12-03,473,13430,28,PT3M57S,237,Sunday,UC3P-tn_Mk1V_KE8M2On8F2w,0
pgdEWkfW_58,"OVERWATCH MOIRA SONG ‚ñ∫ ""Discoveries"" By Divide Music & Sailorurlove",2017-11-21,978,42224,47,PT2M40S,160,Tuesday,UC3P-tn_Mk1V_KE8M2On8F2w,0
Xw-a1uzgKko,"CUPHEAD SONG ‚ñ∫ ""DIE HOUSE"" ROCK COVER | by Divide Music",2017-11-14,1996,88094,97,PT3M1S,181,Tuesday,UC3P-tn_Mk1V_KE8M2On8F2w,0
7FVEBnXTP0E,"OVERWATCH MOIRA SONG ‚ñ∫ ""Discoveries"" | by Divide Music",2017-11-08,825,33077,36,PT2M40S,160,Wednesday,UC3P-tn_Mk1V_KE8M2On8F2w,0
k8fPChbvuY0,"FORTNITE SONG ‚ñ∫ ""The Battle At Fortnite"" | by Divide Music",2017-11-04,300,10963,19,PT3M44S,224,Saturday,UC3P-tn_Mk1V_KE8M2On8F2w,0
STNPs4Q9EG4,"Stranger Things (Season 2) Song ‚ñ∫ ""The Answer"" | by Divide Music Ft. FabvL",2017-10-21,480,15113,30,PT4M15S,255,Saturday,UC3P-tn_Mk1V_KE8M2On8F2w,0
KgSEh4ICsQ8,"Bendy And The Ink Machine Song ‚ñ∫ ""Follow The Screams"" | by Divide Music",2017-10-14,586,17250,67,PT3M52S,232,Saturday,UC3P-tn_Mk1V_KE8M2On8F2w,0
98txpFzl_gY,"Destiny 2 Song ‚ñ∫ ""The Mighty Will Fall"" | by Divide Music",2017-10-07,2305,140983,88,PT4M43S,283,Saturday,UC3P-tn_Mk1V_KE8M2On8F2w,0
ysJCWBl82gk,"JOY OF CREATION Song ‚ñ∫""Bedroom"" | by Divide Music",2017-10-01,702,17863,45,PT3M41S,221,Sunday,UC3P-tn_Mk1V_KE8M2On8F2w,0
